education,age,_FREQ_,prob_work,hours_0,hours_1,hours_2,hours_3,hours_4,work_work,nowork_nowork
udd1,30,2840,0.7408450704,0.2591549296,0.1183098592,0.1080985915,0.1084507042,0.4059859155,,
udd1,31,5097,0.7255248185,0.2744751815,0.1071218364,0.0980969198,0.1012360212,0.4190700412,0.6723826715,0.2378158845
udd1,32,7282,0.7283713266,0.2716286734,0.1038176325,0.0961274375,0.0994232354,0.4290030211,0.6603319702,0.2383930719
udd1,33,9171,0.7294733399,0.2705266601,0.1065314579,0.0858139788,0.1036964344,0.4334314688,0.6692446931,0.2363008063
udd1,34,11180,0.7228980322,0.2771019678,0.0989266547,0.081216458,0.0994633274,0.4432915921,0.6661116803,0.2392418033
udd1,35,13112,0.7188834655,0.2811165345,0.0928920073,0.0790115924,0.1045607077,0.442419158,0.6699896158,0.2414330218
udd1,36,17702,0.7478815953,0.2521184047,0.0856400407,0.07631906,0.0982939781,0.4876285166,0.6784866234,0.2296184898
udd1,37,22115,0.7633280579,0.2366719421,0.0814379381,0.0699525209,0.0951842641,0.5167533348,0.7102259215,0.2094530321
udd1,38,26699,0.7775197573,0.2224802427,0.0749840818,0.0680175287,0.0934866474,0.5410314993,0.7299515991,0.1965455063
udd1,39,31731,0.7868960953,0.2131039047,0.0734612839,0.0629037849,0.0898490435,0.5606819829,0.7458161438,0.1839339924
udd1,40,32214,0.7873905755,0.2126094245,0.0723288011,0.0626435711,0.0900540138,0.5623641895,0.7468616044,0.1850505205
udd1,41,32959,0.7841864134,0.2158135866,0.068630723,0.0602263418,0.0858035741,0.5695257744,0.746649244,0.1879783461
udd1,42,33929,0.7889416134,0.2110583866,0.0686138701,0.0575319049,0.085325238,0.5774706004,0.7506724827,0.188258815
udd1,43,34810,0.7871588624,0.2128411376,0.0652398736,0.0554151106,0.0850617639,0.5814421143,0.7516776153,0.1874690966
udd1,44,35491,0.7868473698,0.2131526302,0.0657631512,0.0567467809,0.0792313544,0.5851060832,0.7511925337,0.1887659869
udd1,45,36530,0.789488092,0.210511908,0.062168081,0.0545305229,0.0787571859,0.5940323022,0.7543883338,0.1890359168
udd1,46,37648,0.7887537187,0.2112462813,0.0624734382,0.0524065023,0.0762324692,0.597641309,0.7576997349,0.1884593984
udd1,47,38609,0.7876919889,0.2123080111,0.0610738429,0.0495221321,0.0751897226,0.6019062913,0.7577128754,0.1894440401
udd1,48,39731,0.7834688279,0.2165311721,0.0571845662,0.0501623417,0.0714555385,0.6046663814,0.7561473508,0.1923850175
udd1,49,40045,0.778873767,0.221126233,0.0590585591,0.0498439256,0.070320889,0.5996503933,0.7491597922,0.1996333639
udd1,50,40332,0.7723147873,0.2276852127,0.0581176237,0.0478528216,0.0698204899,0.596523852,0.7449686671,0.2031513618
udd1,51,40778,0.7666633969,0.2333366031,0.0571386532,0.0466673206,0.066874295,0.5959831282,0.73708627,0.2109614298
udd1,52,41035,0.7649811137,0.2350188863,0.057779944,0.0463750457,0.0671134397,0.5937126843,0.7332190971,0.2166450012
udd1,53,41296,0.7609695854,0.2390304146,0.0593762108,0.0447985277,0.0668829911,0.5899118559,0.7302130898,0.2208757757
udd1,54,42101,0.7576067077,0.2423932923,0.0570057718,0.0450345597,0.0644402746,0.5911261015,0.7277731347,0.2236663881
udd1,55,42583,0.7569922269,0.2430077731,0.0551393749,0.0444543597,0.0643684099,0.5930300824,0.7300996078,0.2249216964
udd1,56,42538,0.7530443368,0.2469556632,0.0563496168,0.0444778786,0.0642954535,0.5879213879,0.7255845362,0.2267522017
udd1,57,41686,0.7471813079,0.2528186921,0.0563258648,0.0428201315,0.0635465144,0.5844887972,0.7195160232,0.233712867
udd1,58,40096,0.7387270551,0.2612729449,0.0542946927,0.0431464485,0.061277933,0.5800079808,0.7155067517,0.2394717317
udd1,59,38600,0.7272279793,0.2727720207,0.0550518135,0.043238342,0.0641450777,0.5647927461,0.7042536736,0.2504253674
udd1,60,36987,0.7127909806,0.2872090194,0.0578581664,0.0436369535,0.0634276908,0.5478681699,0.692141219,0.2606027326
udd1,61,35482,0.6865171073,0.3134828927,0.0615523364,0.0432331887,0.0656389155,0.5160926667,0.6680743243,0.2778040541
udd1,62,34081,0.6530911652,0.3469088348,0.0618233033,0.0443942373,0.0674569408,0.4794166838,0.6330191334,0.3056767023
udd1,63,32751,0.608439437,0.391560563,0.0672651217,0.0475710665,0.0684864584,0.4251167903,0.5905721693,0.3404534998
udd1,64,31813,0.5374218087,0.4625781913,0.0708515387,0.0463018263,0.0596925785,0.3605758652,0.5234845597,0.3903164316
udd1,65,31074,0.4617365,0.5382635,0.0767200875,0.0473064298,0.0552873785,0.2824226041,0.451007183,0.467988757
udd1,66,30479,0.369729978,0.630270022,0.0778568851,0.0360904229,0.0468191214,0.2089635487,0.3638179712,0.539813816
udd1,67,30295,0.2943389998,0.7056610002,0.0827859383,0.0384221819,0.039973593,0.1331572867,0.2869565217,0.6314256825
udd1,68,29842,0.2285369613,0.7714630387,0.0816634274,0.0315997587,0.0289859929,0.0862877823,0.2166905885,0.7120360878
udd1,69,29091,0.1882712867,0.8117287133,0.07679351,0.0279811626,0.022721804,0.0607748101,0.1757674887,0.7710954538
udd1,70,28733,0.1609299412,0.8390700588,0.0722862214,0.0253019177,0.0184108864,0.0449309157,0.1487553905,0.8070961957
udd1,71,28201,0.1363072231,0.8636927769,0.0690046452,0.0194673948,0.0150349278,0.0328002553,0.1242171641,0.8336716624
udd1,72,27755,0.1211313277,0.8788686723,0.0658259773,0.0192037471,0.011385336,0.0247162673,0.1086475482,0.856346256
udd1,73,27615,0.1057758465,0.8942241535,0.059967409,0.0164403404,0.00854608,0.020822017,0.0970778497,0.8718269016
udd1,74,27541,0.0951672053,0.9048327947,0.0567880614,0.0134708253,0.0076249955,0.017283323,0.0861905835,0.8887136743
udd1,75,27329,0.085733104,0.914266896,0.0530206008,0.0135753229,0.0064034542,0.0127337261,0.078566939,0.8978180839
udd1,76,25186,0.0762725324,0.9237274676,0.0495116334,0.011355515,0.0048042563,0.0106011276,0.0695135434,0.9088815183
udd1,77,22442,0.0706710632,0.9293289368,0.0462971215,0.0105159968,0.0043222529,0.009535692,0.0632012352,0.9167267113
udd1,78,19392,0.0636344884,0.9363655116,0.0436262376,0.0086633663,0.0028877888,0.0084570957,0.056398872,0.9263214736
udd1,79,16359,0.0566660554,0.9433339446,0.03973348,0.0067241274,0.00311755,0.007090898,0.0523964833,0.9325723199
udd1,80,13610,0.0522409993,0.9477590007,0.0368846436,0.006098457,0.0031594416,0.006098457,0.0474093264,0.9380829016
udd1,81,11239,0.0477800516,0.9522199484,0.0344336685,0.005516505,0.0020464454,0.0057834327,0.0412920761,0.9424001673
udd1,82,7491,0.0392470965,0.9607529035,0.0288346015,0.0044052863,0.0017354158,0.0042717928,0.0362027353,0.9497184232
udd1,83,4499,0.0384529896,0.9615470104,0.0295621249,0.0031118026,0.0017781729,0.0040008891,0.0355386679,0.9532856504
udd1,84,1982,0.0363269425,0.9636730575,0.0277497477,0.0015136226,0.0005045409,0.0065590313,0.0344478217,0.9549138804
udd2,30,1113,0.8364779874,0.1635220126,0.1545372866,0.1374663073,0.1132075472,0.4312668464,,
udd2,31,2004,0.8383233533,0.1616766467,0.1317365269,0.120758483,0.0903193613,0.495508982,0.7853535354,0.1287878788
udd2,32,2718,0.8465783664,0.1534216336,0.1026490066,0.102281089,0.1081677704,0.5334805004,0.7988126649,0.1187335092
udd2,33,3314,0.8569704285,0.1430295715,0.0911285456,0.0983705492,0.1007845504,0.5666867833,0.8035882908,0.1213408876
udd2,34,3924,0.8519367992,0.1480632008,0.0751783894,0.0891946993,0.0976044852,0.5899592253,0.8143555054,0.1206313416
udd2,35,4527,0.8641484427,0.1358515573,0.0799646565,0.084824387,0.0967528164,0.6026065827,0.822180333,0.1055607917
udd2,36,7085,0.8955539873,0.1044460127,0.0640790402,0.0760762174,0.0844036697,0.67099506,0.8490860455,0.0864913063
udd2,37,9565,0.8999477261,0.1000522739,0.0552012546,0.063565081,0.0762153685,0.704966022,0.8686110309,0.0750794109
udd2,38,12100,0.9083471074,0.0916528926,0.047107438,0.0538842975,0.0744628099,0.732892562,0.8816145439,0.0709879883
udd2,39,14860,0.9185733513,0.0814266487,0.0436069987,0.0539030956,0.0719380888,0.7491251682,0.8948215951,0.0634799559
udd2,40,14575,0.9162950257,0.0837049743,0.0422641509,0.0501543739,0.0701886792,0.7536878216,0.8976227659,0.0614263404
udd2,41,14728,0.9144486692,0.0855513308,0.0401955459,0.0516702879,0.0669473112,0.7556355242,0.8978013383,0.0630051273
udd2,42,15004,0.9142228739,0.0857771261,0.0396560917,0.0477872567,0.068315116,0.7584644095,0.8968861664,0.064743917
udd2,43,15152,0.9114968321,0.0885031679,0.0384107709,0.0442845829,0.0658658923,0.7629355861,0.8962600547,0.0671697487
udd2,44,15237,0.9129093654,0.0870906346,0.0398372383,0.0439062808,0.0632670473,0.765898799,0.8929812945,0.0701042874
udd2,45,15257,0.9136134233,0.0863865767,0.0391295799,0.0407026283,0.0641017238,0.7696794914,0.8953038901,0.0697425775
udd2,46,15375,0.9116097561,0.0883902439,0.0353821138,0.0433821138,0.0607479675,0.772097561,0.8925199113,0.0703670252
udd2,47,15578,0.9089741944,0.0910258056,0.0360123251,0.0396713314,0.0596995763,0.7735909616,0.8930225132,0.0736068977
udd2,48,15708,0.9064171123,0.0935828877,0.0339317545,0.0413801884,0.0536032595,0.7775019099,0.8916852501,0.0759796113
udd2,49,15636,0.9031721668,0.0968278332,0.0375415707,0.036838066,0.0571757483,0.7716167818,0.884820081,0.0801493367
udd2,50,15191,0.8943453361,0.1056546639,0.0366664472,0.0385096439,0.0576657231,0.7615035218,0.8800226831,0.0859526896
udd2,51,14835,0.8928210313,0.1071789687,0.0387596899,0.0373441186,0.0583080553,0.7584091675,0.8760535449,0.0882498761
udd2,52,14402,0.8886960144,0.1113039856,0.0370781836,0.0370781836,0.0542285794,0.7603110679,0.8707327404,0.0943667937
udd2,53,14078,0.8820855235,0.1179144765,0.0390680494,0.0364398352,0.0583179429,0.748259696,0.8637397236,0.1012768935
udd2,54,13964,0.8815525637,0.1184474363,0.0421798911,0.0370237754,0.0540676024,0.7482812948,0.8615302681,0.1025208592
udd2,55,13816,0.8784742328,0.1215257672,0.0408946149,0.0339461494,0.0525477707,0.7510856977,0.8606419666,0.1038111239
udd2,56,13539,0.8712608021,0.1287391979,0.039220031,0.0372996529,0.0532535638,0.7414875545,0.8555966447,0.109768197
udd2,57,13004,0.8638880345,0.1361119655,0.0385266072,0.0369117195,0.0563672716,0.7320824362,0.8476987448,0.1190144119
udd2,58,12185,0.86056627,0.13943373,0.0397209684,0.0357816988,0.0517849815,0.7332786213,0.8392575039,0.1250987362
udd2,59,11532,0.8474679154,0.1525320846,0.0407561568,0.0378078391,0.0520291363,0.7168747832,0.8322083949,0.132777895
udd2,60,11168,0.8347063037,0.1652936963,0.041726361,0.0386819484,0.0545308023,0.699767192,0.8187140963,0.1438356164
udd2,61,10557,0.8140570238,0.1859429762,0.0483091787,0.0403523728,0.0602443876,0.6651510846,0.8029364533,0.1534755678
udd2,62,10144,0.7891364353,0.2108635647,0.0522476341,0.0424881703,0.0660488959,0.628351735,0.7736187515,0.1783066252
udd2,63,9703,0.751932392,0.248067608,0.0594661445,0.0518396372,0.0706997836,0.5699268268,0.7342806841,0.2054828974
udd2,64,9220,0.68329718,0.31670282,0.0710412148,0.0503253796,0.0673535792,0.4945770065,0.6727345203,0.2471432368
udd2,65,8973,0.6166276608,0.3833723392,0.082692522,0.0573944054,0.0726624317,0.4038783016,0.6052128821,0.3176855895
udd2,66,8725,0.5220630372,0.4779369628,0.0967335244,0.0528366762,0.0649856734,0.3075071633,0.5141449683,0.3876143561
udd2,67,8583,0.4249097052,0.5750902948,0.1138296633,0.0539438425,0.0593032739,0.1978329256,0.4164367649,0.4883113112
udd2,68,8433,0.3348748962,0.6651251038,0.1162101269,0.0462468872,0.0425708526,0.1298470295,0.3208160852,0.5817563572
udd2,69,8358,0.2818856186,0.7181143814,0.1117492223,0.0429528595,0.0337401292,0.0934434075,0.2636808542,0.6589055317
udd2,70,8294,0.2442729684,0.7557270316,0.1122498191,0.0360501567,0.0268869062,0.0690860863,0.2236488504,0.7130486712
udd2,71,8097,0.2152649129,0.7847350871,0.1085587255,0.0351982216,0.0198839076,0.0516240583,0.1982627248,0.7424565681
udd2,72,8065,0.1859888407,0.8140111593,0.1003099814,0.0277743335,0.0171109733,0.0407935524,0.1754413131,0.7765562094
udd2,73,8060,0.1667493797,0.8332506203,0.0970223325,0.0244416873,0.0131513648,0.032133995,0.1558341071,0.8033116682
udd2,74,7998,0.1464116029,0.8535883971,0.0873968492,0.0216304076,0.0111277819,0.0262565641,0.1356378856,0.8246783444
udd2,75,7923,0.1340401363,0.8659598637,0.0833017796,0.0196895115,0.0090874669,0.0219613783,0.119943995,0.8455196017
udd2,76,7366,0.1178387184,0.8821612816,0.0772468097,0.0172413793,0.0058376324,0.0175128971,0.1070853462,0.854589372
udd2,77,6573,0.1058877225,0.8941122775,0.0736345656,0.0132359653,0.0044119884,0.0146052031,0.0958683599,0.8703273118
udd2,78,5726,0.0962277331,0.9037722669,0.0693328676,0.0115263709,0.0043660496,0.011002445,0.089370485,0.8871001032
udd2,79,4695,0.0815761448,0.9184238552,0.058998935,0.0091586794,0.0042598509,0.0091586794,0.0740740741,0.9001716949
udd2,80,3872,0.0779958678,0.9220041322,0.0570764463,0.007231405,0.0046487603,0.0090392562,0.0692189893,0.9081163859
udd2,81,3178,0.0695405916,0.9304594084,0.0512901196,0.0066079295,0.0034612964,0.0081812461,0.0654381346,0.9153817225
udd2,82,2067,0.0556361877,0.9443638123,0.0425737784,0.0053217223,0.0014513788,0.0062893082,0.0507069722,0.9288152121
udd2,83,1296,0.0516975309,0.9483024691,0.0401234568,0.0038580247,0.0015432099,0.0061728395,0.046692607,0.9369649805
udd2,84,578,0.0397923875,0.9602076125,0.0346020761,0.0017301038,0.0,0.0034602076,0.0348432056,0.9494773519
udd3,30,1301,0.8455034589,0.1544965411,0.1037663336,0.0960799385,0.1029976941,0.5426594927,,
udd3,31,2482,0.8255439162,0.1744560838,0.0882352941,0.0898468977,0.1019339243,0.5455278002,0.7730426165,0.1496531219
udd3,32,3552,0.8119369369,0.1880630631,0.0703828829,0.0836148649,0.0951576577,0.5627815315,0.7603015075,0.1527638191
udd3,33,4342,0.8090741594,0.1909258406,0.0670198065,0.070935053,0.0833717181,0.5877475818,0.7612809316,0.1626637555
udd3,34,4950,0.8107070707,0.1892929293,0.0602020202,0.0713131313,0.0802020202,0.598989899,0.7610698366,0.1607726597
udd3,35,5483,0.8099580522,0.1900419478,0.0563560095,0.0744118183,0.0793361299,0.5998540945,0.7730769231,0.1646153846
udd3,36,8619,0.8586843021,0.1413156979,0.0474533008,0.0542986425,0.072862281,0.6840700777,0.8029966704,0.1331853496
udd3,37,11739,0.882272766,0.117727234,0.0396115512,0.049152398,0.0695970696,0.7239117472,0.8488330341,0.1036505087
udd3,38,14733,0.8976447431,0.1023552569,0.0331907962,0.0413357768,0.066110093,0.7570080771,0.8761093362,0.0840433085
udd3,39,17853,0.9056741164,0.0943258836,0.0325995631,0.0393771355,0.0632386714,0.7704587464,0.8878300155,0.0767330227
udd3,40,17484,0.9090597117,0.0909402883,0.0309997712,0.0366048959,0.0603408831,0.7811141615,0.8920380788,0.0755805568
udd3,41,16899,0.9114740517,0.0885259483,0.0279306468,0.0394697911,0.0550920173,0.7889815965,0.8934797122,0.0730657963
udd3,42,16541,0.9145154465,0.0854845535,0.0266005683,0.0347621063,0.0545916208,0.7985611511,0.8978519196,0.0707647776
udd3,43,15978,0.9197646764,0.0802353236,0.0276630367,0.0356740518,0.0509450494,0.8054825385,0.904654245,0.0662664692
udd3,44,15429,0.9205392443,0.0794607557,0.0279344092,0.0361008491,0.0502300862,0.8062738998,0.9079182216,0.0651468441
udd3,45,15154,0.9216048568,0.0783951432,0.0276494655,0.0335225023,0.0499538076,0.8104790814,0.9081189442,0.0633979285
udd3,46,14897,0.9210579311,0.0789420689,0.0264482782,0.0323555078,0.049003155,0.8132509901,0.9063482621,0.0655222232
udd3,47,14703,0.9215126165,0.0784873835,0.024892879,0.0319662654,0.048969598,0.815683874,0.9085865483,0.064441789
udd3,48,14631,0.9255006493,0.0744993507,0.0265190349,0.0326703575,0.0487321441,0.8175791128,0.9127113552,0.0609389752
udd3,49,14114,0.9226300128,0.0773699872,0.0250106277,0.0318123849,0.0478248548,0.8179821454,0.9131047854,0.0610734115
udd3,50,13301,0.9222614841,0.0777385159,0.0278174573,0.0326291256,0.0466882189,0.8151266822,0.9107748739,0.0626318203
udd3,51,12629,0.9197086072,0.0802913928,0.0281890886,0.0304853908,0.0463219574,0.8147121704,0.9078985718,0.064024094
udd3,52,11941,0.9146637635,0.0853362365,0.0309019345,0.0296457583,0.0458923038,0.8082237669,0.9048358704,0.0664802734
udd3,53,11340,0.9126102293,0.0873897707,0.0283950617,0.0318342152,0.0480599647,0.8043209877,0.8991285403,0.0725490196
udd3,54,11158,0.9095716078,0.0904283922,0.0302025453,0.0324430902,0.0515325327,0.7953934397,0.8968262745,0.0751962844
udd3,55,10794,0.9073559385,0.0926440615,0.0339077265,0.0340930146,0.0489160645,0.7904391329,0.8955376405,0.0765300329
udd3,56,10445,0.9020584011,0.0979415989,0.03255146,0.0336045955,0.0484442317,0.7874581139,0.8882878645,0.0799623706
udd3,57,9859,0.8980626838,0.1019373162,0.0346891165,0.0324576529,0.0480778984,0.782838016,0.8874319644,0.0841167739
udd3,58,9125,0.8928219178,0.1071780822,0.0356164384,0.0370410959,0.0464657534,0.7736986301,0.8816364359,0.0892360651
udd3,59,8551,0.8825868319,0.1174131681,0.0363700152,0.0376564145,0.0473628815,0.7611975208,0.8717692418,0.0982436099
udd3,60,8036,0.8702090592,0.1297909408,0.0390741663,0.0430562469,0.0523892484,0.7356893977,0.8562031513,0.1086125134
udd3,61,7489,0.854453198,0.145546802,0.0376552277,0.0355187608,0.0602216584,0.7210575511,0.8392711892,0.1185944363
udd3,62,7287,0.8394400988,0.1605599012,0.0448744339,0.0414436668,0.0638122684,0.6893097297,0.8270306936,0.1322706461
udd3,63,7168,0.8162667411,0.1837332589,0.0496651786,0.0461774554,0.0684988839,0.6519252232,0.8036842105,0.1478947368
udd3,64,7025,0.7839145907,0.2160854093,0.0609252669,0.0523843416,0.0680427046,0.6025622776,0.7726869117,0.1743917599
udd3,65,6992,0.7336956522,0.2663043478,0.0759439359,0.0599256293,0.0769450801,0.5208810069,0.7320179372,0.2134529148
udd3,66,6812,0.6623605402,0.3376394598,0.0933646506,0.058719906,0.0767762772,0.4334997064,0.6587825449,0.2636596993
udd3,67,6754,0.5663310631,0.4336689369,0.1128220314,0.0667752443,0.0710689962,0.3156647912,0.566827997,0.3466120625
udd3,68,6615,0.4875283447,0.5124716553,0.1300075586,0.0604686319,0.0666666667,0.2303854875,0.4696509863,0.4347496206
udd3,69,6435,0.4177156177,0.5822843823,0.1314685315,0.0571872572,0.0560994561,0.172960373,0.4082106894,0.5135553834
udd3,70,6337,0.3692599022,0.6307400978,0.1371311346,0.0568092157,0.0528641313,0.1224554205,0.3504973669,0.5705090696
udd3,71,6224,0.3189267352,0.6810732648,0.1460475578,0.0467544987,0.0383997429,0.0877249357,0.300120048,0.6164465786
udd3,72,6085,0.2726376335,0.7273623665,0.1377156943,0.0410846343,0.0277732128,0.066064092,0.2562947799,0.6722620266
udd3,73,5938,0.2418322668,0.7581677332,0.1359043449,0.0363758841,0.0242505894,0.0453014483,0.2300272594,0.7083245964
udd3,74,5880,0.2161564626,0.7838435374,0.1341836735,0.0295918367,0.0180272109,0.0343537415,0.1960867716,0.7445767758
udd3,75,5681,0.196444288,0.803555712,0.1249779968,0.0308044358,0.0124977997,0.0281640556,0.1812662619,0.7718993929
udd3,76,5187,0.1733179102,0.8266820898,0.1179872759,0.023713129,0.010989011,0.0206284943,0.1597821153,0.7911938266
udd3,77,4611,0.1559314682,0.8440685318,0.1084363479,0.0223378877,0.0095423986,0.0156148341,0.1416386663,0.8089945722
udd3,78,4006,0.143534698,0.856465302,0.1055916126,0.0167249126,0.0067398902,0.0144782826,0.1275769346,0.8308933373
udd3,79,3348,0.1296296296,0.8703703704,0.0985663082,0.0128434886,0.006869773,0.0113500597,0.1158768592,0.8436527153
udd3,80,2785,0.1055655296,0.8944344704,0.0807899461,0.0104129264,0.0028725314,0.0114901257,0.0987341772,0.8662447257
udd3,81,2244,0.0811051693,0.9188948307,0.0646167558,0.006684492,0.0008912656,0.008912656,0.0739549839,0.8922829582
udd3,82,1484,0.0781671159,0.9218328841,0.0592991914,0.0074123989,0.0006738544,0.0107816712,0.0661213361,0.9066121336
udd3,83,933,0.0589496249,0.9410503751,0.0493033226,0.0042872454,0.0,0.0053590568,0.0532030402,0.9272529859
udd3,84,449,0.0534521158,0.9465478842,0.0512249443,0.0,0.0,0.0022271715,0.0426966292,0.9325842697
