education,age,_FREQ_,prob_work,hours_0,hours_1,hours_2,hours_3,hours_4,avg_wealth,work_work,nowork_nowork,avg_experience,avg_labor_income,avg_wage,avg_hours,var_wage,skew_wage,pens
udd1,30,2840,0.7408450704,0.2591549296,0.1183098592,0.1080985915,0.1084507042,0.4059859155,0.5050470915,,,,2.5298354233,0.0017999063,1380.8697719,3.1694185e-07,1.1488856888,
udd1,31,5097,0.7255248185,0.2744751815,0.1071218364,0.0980969198,0.1012360212,0.4190700412,0.5515216621,0.6723826715,0.2378158845,,2.6760158291,0.0018563022,1417.171444,3.5410217e-07,1.3179174166,
udd1,32,7282,0.7283713266,0.2716286734,0.1038176325,0.0961274375,0.0994232354,0.4290030211,0.5665775804,0.6603319702,0.2383930719,,2.751088412,0.0018852958,1431.1463047,3.5809932e-07,1.3707690709,
udd1,33,9171,0.7294733399,0.2705266601,0.1065314579,0.0858139788,0.1036964344,0.4334314688,0.6470821291,0.6692446931,0.2363008063,,2.8158825665,0.0019215566,1438.4603886,4.0476377e-07,1.5202373154,
udd1,34,11180,0.7228980322,0.2771019678,0.0989266547,0.081216458,0.0994633274,0.4432915921,0.6744912762,0.6661116803,0.2392418033,,2.922359426,0.0019558028,1462.447414,4.2480779e-07,1.6206270208,
udd1,35,13112,0.7188834655,0.2811165345,0.0928920073,0.0790115924,0.1045607077,0.442419158,0.7313050122,0.6699896158,0.2414330218,9.3119962067,2.9911146952,0.0019855049,1473.1275196,4.5788654e-07,1.6251245703,
udd1,36,17702,0.7478815953,0.2521184047,0.0856400407,0.07631906,0.0982939781,0.4876285166,0.8735962118,0.6784866234,0.2296184898,11.223930078,3.2800310007,0.002114616,1514.8462875,6.0462395e-07,2.0698255321,
udd1,37,22115,0.7633280579,0.2366719421,0.0814379381,0.0699525209,0.0951842641,0.5167533348,1.0622634687,0.7102259215,0.2094530321,12.188311688,3.4923424795,0.0022139884,1543.759256,7.4767724e-07,2.2508202605,
udd1,38,26699,0.7775197573,0.2224802427,0.0749840818,0.0680175287,0.0934866474,0.5410314993,1.1591968735,0.7299515991,0.1965455063,12.992333462,3.6724533483,0.0022895041,1568.129486,8.3872952e-07,2.3197085338,
udd1,39,31731,0.7868960953,0.2131039047,0.0734612839,0.0629037849,0.0898490435,0.5606819829,1.3369972706,0.7458161438,0.1839339924,13.763615752,3.8325634578,0.0023612679,1585.5240498,9.3412557e-07,2.4160389572,
udd1,40,32214,0.7873905755,0.2126094245,0.0723288011,0.0626435711,0.0900540138,0.5623641895,1.2953727542,0.7468616044,0.1850505205,14.539654087,3.8855332749,0.0023848345,1588.3185492,9.9166505e-07,2.4267013708,
udd1,41,32959,0.7841864134,0.2158135866,0.068630723,0.0602263418,0.0858035741,0.5695257744,1.9489169539,0.746649244,0.1879783461,15.357985096,3.9622499811,0.0024145211,1601.6230751,1.0790328e-06,2.6316354593,
udd1,42,33929,0.7889416134,0.2110583866,0.0686138701,0.0575319049,0.085325238,0.5774706004,1.6436327732,0.7506724827,0.188258815,16.239796153,4.041984158,0.0024572609,1607.7480574,1.2160228e-06,2.8153191836,
udd1,43,34810,0.7871588624,0.2128411376,0.0652398736,0.0554151106,0.0850617639,0.5814421143,1.5628670001,0.7516776153,0.1874690966,17.120792786,4.1200024236,0.0024898152,1617.4519178,1.3187703e-06,2.9362636341,
udd1,44,35491,0.7868473698,0.2131526302,0.0657631512,0.0567467809,0.0792313544,0.5851060832,1.7076754317,0.7511925337,0.1887659869,18.027248311,4.1586272777,0.0025083928,1618.7423906,1.3736577e-06,2.9481871924,
udd1,45,36530,0.789488092,0.210511908,0.062168081,0.0545305229,0.0787571859,0.5940323022,1.825964724,0.7543883338,0.1890359168,19.017501458,4.2385180344,0.0025372982,1630.7853675,1.4711343e-06,3.0318664201,
udd1,46,37648,0.7887537187,0.2112462813,0.0624734382,0.0524065023,0.0762324692,0.597641309,2.0078575766,0.7576997349,0.1884593984,19.865699315,4.3164856819,0.0025761059,1634.9132851,1.6153881e-06,3.2616640171,
udd1,47,38609,0.7876919889,0.2123080111,0.0610738429,0.0495221321,0.0751897226,0.6019062913,2.159298595,0.7577128754,0.1894440401,20.776794802,4.3762648592,0.0026068518,1642.4930948,1.7004591e-06,3.2728370993,
udd1,48,39731,0.7834688279,0.2165311721,0.0571845662,0.0501623417,0.0714555385,0.6046663814,2.2626090243,0.7561473508,0.1923850175,21.637090909,4.4435783146,0.0026288488,1651.2159471,1.7590878e-06,3.3622222927,
udd1,49,40045,0.778873767,0.221126233,0.0590585591,0.0498439256,0.070320889,0.5996503933,2.4101680761,0.7491597922,0.1996333639,22.404917403,4.4536240611,0.0026412925,1647.1224752,1.8595566e-06,3.4576611008,
udd1,50,40332,0.7723147873,0.2276852127,0.0581176237,0.0478528216,0.0698204899,0.596523852,2.3735204285,0.7449686671,0.2031513618,23.300096135,4.4678264278,0.0026475681,1650.3386947,1.943964e-06,3.5465649979,
udd1,51,40778,0.7666633969,0.2333366031,0.0571386532,0.0466673206,0.066874295,0.5959831282,2.7188941937,0.73708627,0.2109614298,24.022503141,4.4931016831,0.00265685,1654.6892493,1.9653423e-06,3.5820098622,
udd1,52,41035,0.7649811137,0.2350188863,0.057779944,0.0463750457,0.0671134397,0.5937126843,2.7715508294,0.7332190971,0.2166450012,24.877467843,4.4858550446,0.0026562319,1653.0183811,2.0106266e-06,3.6972017222,
udd1,53,41296,0.7609695854,0.2390304146,0.0593762108,0.0447985277,0.0668829911,0.5899118559,2.842571184,0.7302130898,0.2208757757,25.684654361,4.475473302,0.0026580157,1650.8194113,1.9946189e-06,3.6473817248,
udd1,54,42101,0.7576067077,0.2423932923,0.0570057718,0.0450345597,0.0644402746,0.5911261015,2.9324936002,0.7277731347,0.2236663881,26.687439513,4.5125020515,0.0026678841,1656.4522197,1.9598944e-06,3.4735139712,
udd1,55,42583,0.7569922269,0.2430077731,0.0551393749,0.0444543597,0.0643684099,0.5930300824,3.0097160257,0.7300996078,0.2249216964,27.712485453,4.5336076952,0.0026780057,1661.2610517,1.9736159e-06,3.5975403867,
udd1,56,42538,0.7530443368,0.2469556632,0.0563496168,0.0444778786,0.0642954535,0.5879213879,3.2612753431,0.7255845362,0.2267522017,28.657898172,4.5296615708,0.0026806995,1657.3798895,1.9817129e-06,3.6721356717,
udd1,57,41686,0.7471813079,0.2528186921,0.0563258648,0.0428201315,0.0635465144,0.5844887972,3.4628794285,0.7195160232,0.233712867,29.617512732,4.5061473186,0.0026705489,1658.6814139,1.8175453e-06,3.3923207923,
udd1,58,40096,0.7387270551,0.2612729449,0.0542946927,0.0431464485,0.061277933,0.5800079808,3.567436094,0.7155067517,0.2394717317,30.482081677,4.4831647433,0.0026526301,1661.7910196,1.7919149e-06,3.5322482542,
udd1,59,38600,0.7272279793,0.2727720207,0.0550518135,0.043238342,0.0641450777,0.5647927461,3.750048352,0.7042536736,0.2504253674,31.081284567,4.4053358127,0.0026204344,1653.7957323,1.6418966e-06,3.5595647079,
udd1,60,36987,0.7127909806,0.2872090194,0.0578581664,0.0436369535,0.0634276908,0.5478681699,3.9858997696,0.692141219,0.2606027326,31.666305161,4.3506552899,0.0026095987,1642.2735548,1.6021332e-06,3.3606771527,
udd1,61,35482,0.6865171073,0.3134828927,0.0615523364,0.0432331887,0.0656389155,0.5160926667,4.0444610301,0.6680743243,0.2778040541,31.922717639,4.2786738932,0.0026066492,1622.2751344,1.5592103e-06,3.3015112337,
udd1,62,34081,0.6530911652,0.3469088348,0.0618233033,0.0443942373,0.0674569408,0.4794166838,4.2731838767,0.6330191334,0.3056767023,32.205480016,4.2678086562,0.00263989,1603.6616048,1.6335838e-06,3.492742563,
udd1,63,32751,0.608439437,0.391560563,0.0672651217,0.0475710665,0.0684864584,0.4251167903,4.2951528431,0.5905721693,0.3404534998,32.238199357,4.1528557139,0.002658254,1560.1370001,1.7149087e-06,3.5785321901,
udd1,64,31813,0.5374218087,0.4625781913,0.0708515387,0.0463018263,0.0596925785,0.3605758652,4.4793317727,0.5234845597,0.3903164316,32.186725469,4.0580394344,0.0027019925,1516.7485524,2.088918e-06,4.0008357404,
udd1,65,31074,0.4617365,0.5382635,0.0767200875,0.0473064298,0.0552873785,0.2824226041,4.8111777575,0.451007183,0.467988757,32.002267368,3.8590448517,0.0027405007,1436.1792584,2.3704082e-06,3.9882760407,
udd1,66,30479,0.369729978,0.630270022,0.0778568851,0.0360904229,0.0468191214,0.2089635487,5.1217563467,0.3638179712,0.539813816,31.632583125,3.6531559833,0.0027316668,1364.3136037,2.4736463e-06,4.3017885367,
udd1,67,30295,0.2943389998,0.7056610002,0.0827859383,0.0384221819,0.039973593,0.1331572867,5.2727842568,0.2869565217,0.6314256825,31.217192884,3.2703659294,0.0028158329,1204.3175956,3.520496e-06,4.9940671471,1164798.841
udd1,68,29842,0.2285369613,0.7714630387,0.0816634274,0.0315997587,0.0289859929,0.0862877823,5.323214751,0.2166905885,0.7120360878,30.641353635,2.8672038142,0.0027700668,1075.2932551,3.9819087e-06,5.1131170245,
udd1,69,29091,0.1882712867,0.8117287133,0.07679351,0.0279811626,0.022721804,0.0607748101,5.3341430336,0.1757674887,0.7710954538,29.922977987,2.5723672696,0.00270829,983.65893737,3.5600036e-06,4.4816233158,
udd1,70,28733,0.1609299412,0.8390700588,0.0722862214,0.0253019177,0.0184108864,0.0449309157,5.5090452831,0.1487553905,0.8070961957,29.455527511,2.3681511564,0.0027010966,909.40743945,3.8286742e-06,4.6570600831,
udd1,71,28201,0.1363072231,0.8636927769,0.0690046452,0.0194673948,0.0150349278,0.0328002553,5.8080672987,0.1242171641,0.8336716624,28.888780638,2.1163406506,0.0026734546,834.27419355,3.7350335e-06,4.3355714094,
udd1,72,27755,0.1211313277,0.8788686723,0.0658259773,0.0192037471,0.011385336,0.0247162673,5.2916766352,0.1086475482,0.856346256,28.373595938,1.9525247208,0.0026858022,764.63414634,4.0835656e-06,4.4351327418,
udd1,73,27615,0.1057758465,0.8942241535,0.059967409,0.0164403404,0.00854608,0.020822017,5.3381670165,0.0970778497,0.8718269016,27.882432365,1.8467129621,0.0026640771,737.35022253,3.8459423e-06,4.2962546838,
udd1,74,27541,0.0951672053,0.9048327947,0.0567880614,0.0134708253,0.0076249955,0.017283323,6.1159093933,0.0861905835,0.8887136743,27.253315715,1.757095742,0.0026834193,704.5593285,4.1822517e-06,4.3645892973,
udd1,75,27329,0.085733104,0.914266896,0.0530206008,0.0135753229,0.0064034542,0.0127337261,6.5007282261,0.078566939,0.8978180839,26.591595503,1.6825289503,0.0027694229,652.66752027,5.2934293e-06,4.9050586343,
udd1,76,25186,0.0762725324,0.9237274676,0.0495116334,0.011355515,0.0048042563,0.0106011276,6.6137540709,0.0695135434,0.9088815183,25.884571485,1.5972480178,0.0028190036,619.91150442,6.2023055e-06,4.5959276533,
udd1,77,22442,0.0706710632,0.9293289368,0.0462971215,0.0105159968,0.0043222529,0.009535692,7.4019385803,0.0632012352,0.9167267113,25.122142252,1.5843592655,0.0028229891,611.25472888,7.0468601e-06,5.0659105711,
udd1,78,19392,0.0636344884,0.9363655116,0.0436262376,0.0086633663,0.0028877888,0.0084570957,7.0302513609,0.056398872,0.9263214736,24.271271622,1.4959360016,0.0028165436,585.00810373,5.8820563e-06,4.5999651581,
udd1,79,16359,0.0566660554,0.9433339446,0.03973348,0.0067241274,0.00311755,0.007090898,7.6621494181,0.0523964833,0.9325723199,23.488004184,1.46911529,0.0028676519,573.57065804,6.7726e-06,4.2033512697,
udd1,80,13610,0.0522409993,0.9477590007,0.0368846436,0.006098457,0.0031594416,0.006098457,7.9601099346,0.0474093264,0.9380829016,22.61895665,1.5451218307,0.0029532446,564.48663854,7.2089789e-06,4.2906564167,
udd1,81,11239,0.0477800516,0.9522199484,0.0344336685,0.005516505,0.0020464454,0.0057834327,8.2121018551,0.0412920761,0.9424001673,22.007918854,1.532966021,0.0030851355,552.42085661,9.226517e-06,4.5186137789,
udd1,82,7491,0.0392470965,0.9607529035,0.0288346015,0.0044052863,0.0017354158,0.0042717928,7.8377642157,0.0362027353,0.9497184232,21.53691096,1.4879541585,0.0030407156,532.14285714,7.6503306e-06,3.8039392554,
udd1,83,4499,0.0384529896,0.9615470104,0.0295621249,0.0031118026,0.0017781729,0.0040008891,8.4576544565,0.0355386679,0.9532856504,21.212713936,1.5173474422,0.003212212,510.69364162,1.1422e-05,4.0587407111,
udd1,84,1982,0.0363269425,0.9636730575,0.0277497477,0.0015136226,0.0005045409,0.0065590313,8.292208779,0.0344478217,0.9549138804,20.553985873,1.6455017979,0.0030871726,583.33333333,5.5568734e-06,2.8955259517,
udd2,30,1113,0.8364779874,0.1635220126,0.1545372866,0.1374663073,0.1132075472,0.4312668464,0.8322528482,,,,2.6802151558,0.0019544334,1324.9731472,3.5919389e-07,1.075206135,
udd2,31,2004,0.8383233533,0.1616766467,0.1317365269,0.120758483,0.0903193613,0.495508982,0.8939877134,0.7853535354,0.1287878788,,2.9131279235,0.0020109608,1410.4166667,4.0646348e-07,1.2843345548,
udd2,32,2718,0.8465783664,0.1534216336,0.1026490066,0.102281089,0.1081677704,0.5334805004,1.1012366581,0.7988126649,0.1187335092,,3.1334907329,0.0020574267,1484.3328987,4.5546815e-07,1.5424698075,
udd2,33,3314,0.8569704285,0.1430295715,0.0911285456,0.0983705492,0.1007845504,0.5666867833,1.2269813005,0.8035882908,0.1213408876,,3.3495992667,0.0021522884,1521.971831,5.2378228e-07,1.6062929707,
udd2,34,3924,0.8519367992,0.1480632008,0.0751783894,0.0891946993,0.0976044852,0.5899592253,1.383093843,0.8143555054,0.1206313416,,3.5606141502,0.0022250894,1565.2557583,6.2189172e-07,1.5392696938,
udd2,35,4527,0.8641484427,0.1358515573,0.0799646565,0.084824387,0.0967528164,0.6026065827,1.4843333996,0.822180333,0.1055607917,7.8202099738,3.6491638365,0.0022811172,1567.2546012,6.658316e-07,1.5914237915,
udd2,36,7085,0.8955539873,0.1044460127,0.0640790402,0.0760762174,0.0844036697,0.67099506,1.7241213663,0.8490860455,0.0864913063,9.80242891,4.1380051038,0.0024810569,1627.6989756,9.1620186e-07,1.8017318537,
udd2,37,9565,0.8999477261,0.1000522739,0.0552012546,0.063565081,0.0762153685,0.704966022,1.990996239,0.8686110309,0.0750794109,10.683236994,4.524144273,0.002659871,1666.7518587,1.1049357e-06,1.7905644992,
udd2,38,12100,0.9083471074,0.0916528926,0.047107438,0.0538842975,0.0744628099,0.732892562,2.1847497835,0.8816145439,0.0709879883,11.521622878,4.7975058997,0.0027767223,1697.0248385,1.3885573e-06,2.0578506022,
udd2,39,14860,0.9185733513,0.0814266487,0.0436069987,0.0539030956,0.0719380888,0.7491251682,2.3332888815,0.8948215951,0.0634799559,12.275092609,5.0104422489,0.002885961,1707.1978022,1.5374136e-06,1.9583392921,
udd2,40,14575,0.9162950257,0.0837049743,0.0422641509,0.0501543739,0.0701886792,0.7536878216,2.4031108679,0.8976227659,0.0614263404,13.260451317,5.1416159847,0.0029451274,1714.9868963,1.6916244e-06,2.0417381828,
udd2,41,14728,0.9144486692,0.0855513308,0.0401955459,0.0516702879,0.0669473112,0.7556355242,2.683762234,0.8978013383,0.0630051273,14.119314614,5.250511069,0.0030042247,1718.5662311,1.8908448e-06,2.2161428212,
udd2,42,15004,0.9142228739,0.0857771261,0.0396560917,0.0477872567,0.068315116,0.7584644095,2.806050632,0.8968861664,0.064743917,15.118506638,5.3387727154,0.0030420955,1723.4818109,2.000569e-06,2.2486868819,
udd2,43,15152,0.9114968321,0.0885031679,0.0384107709,0.0442845829,0.0658658923,0.7629355861,3.0189972116,0.8962600547,0.0671697487,16.059800371,5.4456116727,0.0031040593,1731.2395916,2.1776209e-06,2.3658503612,
udd2,44,15237,0.9129093654,0.0870906346,0.0398372383,0.0439062808,0.0632670473,0.765898799,3.1654534839,0.8929812945,0.0701042874,17.125714286,5.5593186605,0.0031635141,1731.1071172,2.4231058e-06,2.4223799692,
udd2,45,15257,0.9136134233,0.0863865767,0.0391295799,0.0407026283,0.0641017238,0.7696794914,3.4446524148,0.8953038901,0.0697425775,18.153597907,5.671742825,0.0032188426,1735.999713,2.6158133e-06,2.3921372049,
udd2,46,15375,0.9116097561,0.0883902439,0.0353821138,0.0433821138,0.0607479675,0.772097561,3.7759938925,0.8925199113,0.0703670252,19.162220125,5.774715557,0.0032726139,1741.2492865,2.8016938e-06,2.4869961271,
udd2,47,15578,0.9089741944,0.0910258056,0.0360123251,0.0396713314,0.0596995763,0.7735909616,4.4820855547,0.8930225132,0.0736068977,20.133987481,5.9338092001,0.0033546017,1745.0317797,3.3050853e-06,2.6811642095,
udd2,48,15708,0.9064171123,0.0935828877,0.0339317545,0.0413801884,0.0536032595,0.7775019099,4.787887921,0.8916852501,0.0759796113,21.047727082,6.0569582665,0.0034120484,1750.2493328,3.4242128e-06,2.6058088367,
udd2,49,15636,0.9031721668,0.0968278332,0.0375415707,0.036838066,0.0571757483,0.7716167818,4.6352742551,0.884820081,0.0801493367,21.911819412,6.1234830959,0.0034615921,1746.5266959,3.583231e-06,2.6345353935,
udd2,50,15191,0.8943453361,0.1056546639,0.0366664472,0.0385096439,0.0576657231,0.7615035218,4.815977537,0.8800226831,0.0859526896,22.752916225,6.1459160244,0.0034758827,1744.148388,3.562072e-06,2.4803737732,
udd2,51,14835,0.8928210313,0.1071789687,0.0387596899,0.0373441186,0.0583080553,0.7584091675,4.9226735547,0.8760535449,0.0882498761,23.679551009,6.1620970902,0.0034863762,1741.0834277,3.6379474e-06,2.4997040924,
udd2,52,14402,0.8886960144,0.1113039856,0.0370781836,0.0370781836,0.0542285794,0.7603110679,5.2478492924,0.8707327404,0.0943667937,24.455199115,6.2070826687,0.0034980087,1746.566138,3.8169555e-06,2.6744140621,
udd2,53,14078,0.8820855235,0.1179144765,0.0390680494,0.0364398352,0.0583179429,0.748259696,6.0876578278,0.8637397236,0.1012768935,25.332111299,6.2152663381,0.0035161901,1739.7447254,4.1004451e-06,2.7555491472,
udd2,54,13964,0.8815525637,0.1184474363,0.0421798911,0.0370237754,0.0540676024,0.7482812948,6.7958229769,0.8615302681,0.1025208592,26.316826164,6.2013583719,0.0035178379,1735.9545085,3.9325543e-06,2.6397756756,
udd2,55,13816,0.8784742328,0.1215257672,0.0408946149,0.0339461494,0.0525477707,0.7510856977,6.8837221671,0.8606419666,0.1038111239,27.332558356,6.2223884629,0.0035156624,1742.860674,4.0039924e-06,2.7927790996,
udd2,56,13539,0.8712608021,0.1287391979,0.039220031,0.0372996529,0.0532535638,0.7414875545,7.2325710555,0.8555966447,0.109768197,28.177141788,6.2172686298,0.0035264825,1739.8185826,3.8822341e-06,2.618787406,
udd2,57,13004,0.8638880345,0.1361119655,0.0385266072,0.0369117195,0.0563672716,0.7320824362,6.9087894525,0.8476987448,0.1190144119,29.125096974,6.1876558929,0.0035169008,1738.1297846,3.8749326e-06,2.6580927432,
udd2,58,12185,0.86056627,0.13943373,0.0397209684,0.0357816988,0.0517849815,0.7332786213,7.4470043782,0.8392575039,0.1250987362,29.848849264,6.1013486168,0.0034621973,1739.9198932,3.6213767e-06,2.6393140989,
udd2,59,11532,0.8474679154,0.1525320846,0.0407561568,0.0378078391,0.0520291363,0.7168747832,8.3156957012,0.8322083949,0.132777895,30.61569793,6.0147255177,0.0034430826,1732.50793,3.7230716e-06,2.775679356,
udd2,60,11168,0.8347063037,0.1652936963,0.041726361,0.0386819484,0.0545308023,0.699767192,8.5062557903,0.8187140963,0.1438356164,31.200777498,5.817264934,0.0033393283,1725.0268183,3.0015494e-06,2.4315713157,
udd2,61,10557,0.8140570238,0.1859429762,0.0483091787,0.0403523728,0.0602443876,0.6651510846,8.9254064769,0.8029364533,0.1534755678,31.748871263,5.6717963813,0.0033039605,1700.6748895,2.9343515e-06,2.5140663361,
udd2,62,10144,0.7891364353,0.2108635647,0.0522476341,0.0424881703,0.0660488959,0.628351735,8.7818035923,0.7736187515,0.1783066252,32.170787663,5.550438219,0.0032854918,1678.6196127,2.8791318e-06,2.7521158888,
udd2,63,9703,0.751932392,0.248067608,0.0594661445,0.0518396372,0.0706997836,0.5699268268,8.4631543774,0.7342806841,0.2054828974,32.824855724,5.4152134757,0.0032935776,1633.8130482,2.9761496e-06,2.8898882566,
udd2,64,9220,0.68329718,0.31670282,0.0710412148,0.0503253796,0.0673535792,0.4945770065,9.9930777297,0.6727345203,0.2471432368,33.099079972,5.2626154984,0.003306974,1584.6111111,3.2597547e-06,3.0230964405,
udd2,65,8973,0.6166276608,0.3833723392,0.082692522,0.0573944054,0.0726624317,0.4038783016,9.8566477416,0.6052128821,0.3176855895,33.307591049,5.0076209295,0.0033352189,1500.9849991,3.4996845e-06,3.0859069025,
udd2,66,8725,0.5220630372,0.4779369628,0.0967335244,0.0528366762,0.0649856734,0.3075071633,10.861038434,0.5141449683,0.3876143561,33.324128565,4.6563202924,0.0033098741,1403.194292,3.4835702e-06,3.3984984833,
udd2,67,8583,0.4249097052,0.5750902948,0.1138296633,0.0539438425,0.0593032739,0.1978329256,9.0990261839,0.4164367649,0.4883113112,33.362390266,4.1376167108,0.0034497729,1228.242391,5.5256863e-06,4.0269469296,2114002.8804
udd2,68,8433,0.3348748962,0.6651251038,0.1162101269,0.0462468872,0.0425708526,0.1298470295,9.4992828202,0.3208160852,0.5817563572,32.980634921,3.5917634545,0.0033465274,1092.315864,4.7838631e-06,3.6157434073,
udd2,69,8358,0.2818856186,0.7181143814,0.1117492223,0.0429528595,0.0337401292,0.0934434075,9.3378159895,0.2636808542,0.6589055317,32.703912413,3.2391236919,0.0032824973,998.8327674,4.5159448e-06,3.2941194306,
udd2,70,8294,0.2442729684,0.7557270316,0.1122498191,0.0360501567,0.0268869062,0.0690860863,9.1999519737,0.2236488504,0.7130486712,32.266709719,2.8529981145,0.0032002845,906.02171767,4.6796532e-06,3.5326035816,
udd2,71,8097,0.2152649129,0.7847350871,0.1085587255,0.0351982216,0.0198839076,0.0516240583,9.922921792,0.1982627248,0.7424565681,31.87366694,2.6142708854,0.0032391112,824.44061962,5.0795105e-06,3.0738388097,
udd2,72,8065,0.1859888407,0.8140111593,0.1003099814,0.0277743335,0.0171109733,0.0407935524,10.207195714,0.1754413131,0.7765562094,31.309733073,2.4042042109,0.0031689101,783.16666667,5.0424541e-06,3.1817739319,
udd2,73,8060,0.1667493797,0.8332506203,0.0970223325,0.0244416873,0.0131513648,0.032133995,10.643671194,0.1558341071,0.8033116682,30.681368702,2.203343716,0.0032883875,724.06994048,6.5865531e-06,3.6321971942,
udd2,74,7998,0.1464116029,0.8535883971,0.0873968492,0.0216304076,0.0111277819,0.0262565641,12.982310523,0.1356378856,0.8246783444,30.113566131,2.0759068607,0.0031550792,699.57301452,5.7506332e-06,3.5187293842,
udd2,75,7923,0.1340401363,0.8659598637,0.0833017796,0.0196895115,0.0090874669,0.0219613783,13.435013163,0.119943995,0.8455196017,29.484027989,1.9062310441,0.003161297,664.97175141,6.2696496e-06,3.5113611921,
udd2,76,7366,0.1178387184,0.8821612816,0.0772468097,0.0172413793,0.0058376324,0.0175128971,14.762197009,0.1070853462,0.854589372,28.791234684,1.7557458091,0.0031407148,620.39170507,5.5246815e-06,3.3845119128,
udd2,77,6573,0.1058877225,0.8941122775,0.0736345656,0.0132359653,0.0044119884,0.0146052031,14.430230989,0.0958683599,0.8703273118,27.998984428,1.7219515098,0.0033104762,583.8362069,9.1602069e-06,4.1110411917,
udd2,78,5726,0.0962277331,0.9037722669,0.0693328676,0.0115263709,0.0043660496,0.011002445,15.200139418,0.089370485,0.8871001032,27.065732146,1.6791377456,0.003356466,546.18874773,9.7398755e-06,4.2173395546,
udd2,79,4695,0.0815761448,0.9184238552,0.058998935,0.0091586794,0.0042598509,0.0091586794,19.771623523,0.0740740741,0.9001716949,26.212675742,1.7419655211,0.0033886685,546.21409922,8.00289e-06,3.605090096,
udd2,80,3872,0.0779958678,0.9220041322,0.0570764463,0.007231405,0.0046487603,0.0090392562,22.662292252,0.0692189893,0.9081163859,25.212293388,1.9055210021,0.0034354063,550.16556291,8.8135669e-06,3.3739639911,
udd2,81,3178,0.0695405916,0.9304594084,0.0512901196,0.0066079295,0.0034612964,0.0081812461,23.232292621,0.0654381346,0.9153817225,24.588105727,1.6615630049,0.0033930459,543.89140271,8.5190209e-06,3.9776137971,
udd2,82,2067,0.0556361877,0.9443638123,0.0425737784,0.0053217223,0.0014513788,0.0062893082,23.876536996,0.0507069722,0.9288152121,24.253023706,1.4564299914,0.0033185959,511.73913043,5.0953817e-06,2.0332357281,
udd2,83,1296,0.0516975309,0.9483024691,0.0401234568,0.0038580247,0.0015432099,0.0061728395,23.628111937,0.046692607,0.9369649805,23.730709877,1.4539372601,0.0034956267,515.67164179,6.1091829e-06,1.6922976376,
udd2,84,578,0.0397923875,0.9602076125,0.0346020761,0.0017301038,0.0,0.0034602076,19.854070813,0.0348432056,0.9494773519,23.366782007,1.5047652962,0.0038625443,415.2173913,6.6938965e-06,1.3755641457,
udd3,30,1301,0.8455034589,0.1544965411,0.1037663336,0.0960799385,0.1029976941,0.5426594927,1.5676152882,,,,3.3217670392,0.0021440181,1493.7272727,4.3236951e-07,0.810510167,
udd3,31,2482,0.8255439162,0.1744560838,0.0882352941,0.0898468977,0.1019339243,0.5455278002,1.3177036221,0.7730426165,0.1496531219,,3.5319748214,0.0022570773,1524.4021474,5.6661242e-07,0.9774567725,
udd3,32,3552,0.8119369369,0.1880630631,0.0703828829,0.0836148649,0.0951576577,0.5627815315,1.4281733652,0.7603015075,0.1527638191,,3.8396397379,0.0023801908,1568.2212205,7.2125807e-07,1.1202479258,
udd3,33,4342,0.8090741594,0.1909258406,0.0670198065,0.070935053,0.0833717181,0.5877475818,1.5974270306,0.7612809316,0.1626637555,,4.0212734605,0.0024497432,1600.6689439,7.823646e-07,1.1515114441,
udd3,34,4950,0.8107070707,0.1892929293,0.0602020202,0.0713131313,0.0802020202,0.598989899,1.8539468236,0.7610698366,0.1607726597,,4.2409407572,0.002566775,1616.9573885,8.9942815e-07,1.1839782707,
udd3,35,5483,0.8099580522,0.1900419478,0.0563560095,0.0744118183,0.0793361299,0.5998540945,1.9848578986,0.7730769231,0.1646153846,5.8789808917,4.3718706143,0.0026353387,1620.7723486,9.6912942e-07,1.1464674416,
udd3,36,8619,0.8586843021,0.1413156979,0.0474533008,0.0542986425,0.072862281,0.6840700777,2.6318275247,0.8029966704,0.1331853496,7.8098495212,5.1346373507,0.0029849474,1685.1844345,1.4242488e-06,1.3280964397,
udd3,37,11739,0.882272766,0.117727234,0.0396115512,0.049152398,0.0695970696,0.7239117472,4.6863624885,0.8488330341,0.1036505087,8.6926234766,5.6402172677,0.0032278086,1714.5215796,1.7525716e-06,1.3827581221,
udd3,38,14733,0.8976447431,0.1023552569,0.0331907962,0.0413357768,0.066110093,0.7570080771,3.4156564458,0.8761093362,0.0840433085,9.4965741075,6.017228456,0.0034003829,1741.8449905,2.1296388e-06,1.4996908161,
udd3,39,17853,0.9056741164,0.0943258836,0.0325995631,0.0393771355,0.0632386714,0.7704587464,3.7318280092,0.8878300155,0.0767330227,10.287493911,6.34719586,0.0035707005,1748.7135877,2.4363761e-06,1.4945233793,
udd3,40,17484,0.9090597117,0.0909402883,0.0309997712,0.0366048959,0.0603408831,0.7811141615,4.5621244563,0.8920380788,0.0755805568,11.121696113,6.5440648156,0.0036635675,1757.6003523,2.7007431e-06,1.5564629521,
udd3,41,16899,0.9114740517,0.0885259483,0.0279306468,0.0394697911,0.0550920173,0.7889815965,5.6550205604,0.8934797122,0.0730657963,11.994958352,6.7395598742,0.0037617232,1763.374018,3.0548538e-06,1.6187946842,
udd3,42,16541,0.9145154465,0.0854845535,0.0266005683,0.0347621063,0.0545916208,0.7985611511,5.8120212775,0.8978519196,0.0707647776,12.865243993,6.948867133,0.0038638723,1772.4763668,3.343064e-06,1.6473929351,
udd3,43,15978,0.9197646764,0.0802353236,0.0276630367,0.0356740518,0.0509450494,0.8054825385,5.6225607267,0.904654245,0.0662664692,13.82013776,7.0946022172,0.0039461029,1772.5367447,3.6030611e-06,1.7239083502,
udd3,44,15429,0.9205392443,0.0794607557,0.0279344092,0.0361008491,0.0502300862,0.8062738998,6.180853999,0.9079182216,0.0651468441,14.711107567,7.2691405901,0.0040524236,1772.0904034,4.0742733e-06,1.829618949,
udd3,45,15154,0.9216048568,0.0783951432,0.0276494655,0.0335225023,0.0499538076,0.8104790814,6.4021048212,0.9081189442,0.0633979285,15.753188055,7.4109616933,0.0041127785,1776.1456394,4.1516329e-06,1.8099150898,
udd3,46,14897,0.9210579311,0.0789420689,0.0264482782,0.0323555078,0.049003155,0.8132509901,6.7407696388,0.9063482621,0.0655222232,16.680384426,7.5739452309,0.0041975923,1780.3002697,4.6850368e-06,1.9275839164,
udd3,47,14703,0.9215126165,0.0784873835,0.024892879,0.0319662654,0.048969598,0.815683874,7.412168707,0.9085865483,0.064441789,17.714723165,7.724452295,0.0042913829,1783.65193,5.1791077e-06,1.9731486702,
udd3,48,14631,0.9255006493,0.0744993507,0.0265190349,0.0326703575,0.0487321441,0.8175791128,8.2048851866,0.9127113552,0.0609389752,18.616726484,7.8260334112,0.0043539222,1780.5331955,5.4586652e-06,1.9478167152,
udd3,49,14114,0.9226300128,0.0773699872,0.0250106277,0.0318123849,0.0478248548,0.8179821454,9.7582105732,0.9131047854,0.0610734115,19.563458001,8.0064160871,0.0044435218,1784.5185071,6.0211054e-06,2.0407762776,
udd3,50,13301,0.9222614841,0.0777385159,0.0278174573,0.0326291256,0.0466882189,0.8151266822,9.2230181842,0.9107748739,0.0626318203,20.48412251,8.0230762086,0.0044628333,1779.1717616,5.9621365e-06,1.9870212576,
udd3,51,12629,0.9197086072,0.0802913928,0.0281890886,0.0304853908,0.0463219574,0.8147121704,9.5224564547,0.9078985718,0.064024094,21.359956127,8.1187233711,0.0045025663,1781.0891089,6.1318185e-06,1.9880745652,
udd3,52,11941,0.9146637635,0.0853362365,0.0309019345,0.0296457583,0.0458923038,0.8082237669,10.07135825,0.9048358704,0.0664802734,22.217588204,8.1059489402,0.0045191057,1776.8769456,6.4698103e-06,2.0277620256,
udd3,53,11340,0.9126102293,0.0873897707,0.0283950617,0.0318342152,0.0480599647,0.8043209877,10.495962495,0.8991285403,0.0725490196,23.132409546,8.051298498,0.0044844576,1776.9494637,6.4640302e-06,2.0922105436,
udd3,54,11158,0.9095716078,0.0904283922,0.0302025453,0.0324430902,0.0515325327,0.7953934397,11.178990648,0.8968262745,0.0751962844,24.107946359,8.0092174831,0.0044791553,1770.1990344,6.3185607e-06,2.0137744013,
udd3,55,10794,0.9073559385,0.0926440615,0.0339077265,0.0340930146,0.0489160645,0.7904391329,11.388721555,0.8955376405,0.0765300329,25.056769056,7.9676584384,0.0044787693,1762.7833367,6.5156129e-06,2.1313743117,
udd3,56,10445,0.9020584011,0.0979415989,0.03255146,0.0336045955,0.0484442317,0.7874581139,12.475681785,0.8882878645,0.0799623706,26.085271318,7.8529863258,0.0044066813,1765.3948206,6.1332652e-06,2.1116038288,
udd3,57,9859,0.8980626838,0.1019373162,0.0346891165,0.0324576529,0.0480778984,0.782838016,12.357885618,0.8874319644,0.0841167739,27.007094847,7.7257906174,0.0043330901,1762.5818839,5.6469065e-06,2.1059051722,
udd3,58,9125,0.8928219178,0.1071780822,0.0356164384,0.0370410959,0.0464657534,0.7736986301,14.45280354,0.8816364359,0.0892360651,27.836646383,7.5426510586,0.0042502041,1755.2411931,5.3026973e-06,2.083004604,
udd3,59,8551,0.8825868319,0.1174131681,0.0363700152,0.0376564145,0.0473628815,0.7611975208,14.088787605,0.8717692418,0.0982436099,28.511896074,7.3880571296,0.0041724756,1750.7420167,4.7262244e-06,1.9948790781,
udd3,60,8036,0.8702090592,0.1297909408,0.0390741663,0.0430562469,0.0523892484,0.7356893977,13.60550361,0.8562031513,0.1086125134,29.139371187,7.2719869504,0.004157237,1732.8900329,4.5814916e-06,1.9504402449,
udd3,61,7489,0.854453198,0.145546802,0.0376552277,0.0355187608,0.0602216584,0.7210575511,14.8837719,0.8392711892,0.1185944363,30.102006407,7.1643518461,0.0040883912,1737.1933115,4.2363525e-06,1.9201125728,
udd3,62,7287,0.8394400988,0.1605599012,0.0448744339,0.0414436668,0.0638122684,0.6893097297,16.260573472,0.8270306936,0.1322706461,30.886619353,7.016921515,0.0040720726,1709.4082066,4.3567829e-06,2.0437513994,
udd3,63,7168,0.8162667411,0.1837332589,0.0496651786,0.0461774554,0.0684988839,0.6519252232,16.990193545,0.8036842105,0.1478947368,31.73500796,6.8392622258,0.0040385041,1684.1992822,4.1772868e-06,2.1556469664,
udd3,64,7025,0.7839145907,0.2160854093,0.0609252669,0.0523843416,0.0680427046,0.6025622776,18.63734546,0.7726869117,0.1743917599,32.553951642,6.6808060886,0.0040816575,1642.83639,4.7529685e-06,2.3259547368,
udd3,65,6992,0.7336956522,0.2663043478,0.0759439359,0.0599256293,0.0769450801,0.5208810069,20.597279399,0.7320179372,0.2134529148,32.910792151,6.343980545,0.0040857818,1572.3586745,4.9543977e-06,2.399558849,
udd3,66,6812,0.6623605402,0.3376394598,0.0933646506,0.058719906,0.0767762772,0.4334997064,20.079799279,0.6587825449,0.2636596993,33.424745379,6.1002153653,0.0041380233,1495.9219858,5.7595397e-06,2.5931783321,
udd3,67,6754,0.5663310631,0.4336689369,0.1128220314,0.0667752443,0.0710689962,0.3156647912,20.567850455,0.566827997,0.3466120625,33.747166186,5.7380418161,0.0043749747,1360.4052288,8.7881452e-06,3.0677333944,3401740.008
udd3,68,6615,0.4875283447,0.5124716553,0.1300075586,0.0604686319,0.0666666667,0.2303854875,19.572130665,0.4696509863,0.4347496206,33.737171955,5.1214448757,0.0042889974,1235.3178295,8.3819518e-06,3.1359687891,
udd3,69,6435,0.4177156177,0.5822843823,0.1314685315,0.0571872572,0.0560994561,0.172960373,20.564520802,0.4082106894,0.5135553834,33.672475962,4.6552702092,0.0041655237,1142.671131,6.724305e-06,2.7279378516,
udd3,70,6337,0.3692599022,0.6307400978,0.1371311346,0.0568092157,0.0528641313,0.1224554205,21.09139516,0.3504973669,0.5705090696,33.465548596,4.2441128851,0.0042077904,1024.4230769,6.7269429e-06,2.664741328,
udd3,71,6224,0.3189267352,0.6810732648,0.1460475578,0.0467544987,0.0383997429,0.0877249357,21.247860278,0.300120048,0.6164465786,33.222699387,3.6994410395,0.0042140173,903.5768262,7.3105662e-06,2.5098914065,
udd3,72,6085,0.2726376335,0.7273623665,0.1377156943,0.0410846343,0.0277732128,0.066064092,21.176782462,0.2562947799,0.6722620266,32.697069748,3.396130127,0.0043085932,832.12778782,9.0863695e-06,2.4889534984,
udd3,73,5938,0.2418322668,0.7581677332,0.1359043449,0.0363758841,0.0242505894,0.0453014483,21.363359645,0.2300272594,0.7083245964,32.305769631,3.0876932149,0.0044701221,739.58913649,1.10003e-05,2.6180208767,
udd3,74,5880,0.2161564626,0.7838435374,0.1341836735,0.0295918367,0.0180272109,0.0343537415,21.249960796,0.1960867716,0.7445767758,31.745626672,2.6561168829,0.004301044,668.25334382,9.7024909e-06,2.5847960159,
udd3,75,5681,0.196444288,0.803555712,0.1249779968,0.0308044358,0.0124977997,0.0281640556,22.606495635,0.1812662619,0.7718993929,31.145412458,2.4972983173,0.004222856,631.76523297,8.4014924e-06,2.6725357823,
udd3,76,5187,0.1733179102,0.8266820898,0.1179872759,0.023713129,0.010989011,0.0206284943,20.731845051,0.1597821153,0.7911938266,30.45817617,2.2712571598,0.0042101322,581.36818687,1.02939e-05,2.8912103953,
udd3,77,4611,0.1559314682,0.8440685318,0.1084363479,0.0223378877,0.0095423986,0.0156148341,20.620454127,0.1416386663,0.8089945722,29.743083955,2.1640276703,0.0043873332,551.11265647,1.30878e-05,3.1783392556,
udd3,78,4006,0.143534698,0.856465302,0.1055916126,0.0167249126,0.0067398902,0.0144782826,22.616883158,0.1275769346,0.8308933373,29.060909583,2.03991909,0.0044255824,524.0,1.32984e-05,2.8111141503,
udd3,79,3348,0.1296296296,0.8703703704,0.0985663082,0.0128434886,0.006869773,0.0113500597,21.819836347,0.1158768592,0.8436527153,28.394300031,1.8576856948,0.0042975936,499.65437788,1.14634e-05,2.9263616968,
udd3,80,2785,0.1055655296,0.8944344704,0.0807899461,0.0104129264,0.0028725314,0.0114901257,22.772352887,0.0987341772,0.8662447257,27.612208259,1.8170565695,0.0041629551,507.4829932,1.5049e-05,3.4580504728,
udd3,81,2244,0.0811051693,0.9188948307,0.0646167558,0.006684492,0.0008912656,0.008912656,23.325136693,0.0739549839,0.8922829582,26.903743316,1.6938804307,0.0037808907,484.06593407,6.9418812e-06,2.600115064,
udd3,82,1484,0.0781671159,0.9218328841,0.0592991914,0.0074123989,0.0006738544,0.0107816712,25.07260967,0.0661213361,0.9066121336,26.444743935,1.7919834841,0.0036637208,534.05172414,6.3357272e-06,2.7684871022,
udd3,83,933,0.0589496249,0.9410503751,0.0493033226,0.0042872454,0.0,0.0053590568,22.836180482,0.0532030402,0.9272529859,25.849946409,1.788591887,0.0040173109,436.36363636,1.33386e-05,3.4387407748,
udd3,84,449,0.0534521158,0.9465478842,0.0512249443,0.0,0.0,0.0022271715,25.951778886,0.0426966292,0.9325842697,25.521158129,0.9467837161,0.0033262831,318.75,2.7058494e-06,1.7727255704,
