education,n_individuals,age,moment,mean_sim_value,simulation_sd,min_sim_value,max_sim_value,n_seeds,mean_sim_time_seconds,solve_time_seconds,n_assets,n_experience,n_quad_points,n_data,data_value,data_se,denominator_note,simulation_sd_to_data_se
udd1,10000,84,hours_3,0.19959465470760945,0.005630854643134322,0.192,0.20852534562211983,10,1.7042888164520265,2.595287322998047,20,5,5,1982,0.0005045409,0.0005044135870906817,Uses total age-cell frequency,11.16317003991018
udd1,10000,84,hours_2,0.19706810307562564,0.006999502077445695,0.18893678160919541,0.2100646352723915,10,1.7042888164520265,2.595287322998047,20,5,5,1982,0.0015136226,0.00087322879595392,Uses total age-cell frequency,8.015656503630758
udd1,10000,84,hours_4,0.19944817145355903,0.009522801869000081,0.18882733148661127,0.22289296494079405,10,1.7042888164520265,2.595287322998047,20,5,5,1982,0.0065590313,0.0018131722328885006,Uses total age-cell frequency,5.2520117483983535
udd1,10000,75,hours_4,0.04465419537357192,0.00281588802656373,0.04080211669683888,0.050793650793650794,10,1.7042888164520265,2.595287322998047,20,5,5,27329,0.0127337261,0.0006782394270407979,Uses total age-cell frequency,4.151761036437574
udd1,10000,76,hours_4,0.03663406084028901,0.0022645962772102897,0.03183062076911998,0.039843523616343086,10,1.7042888164520265,2.595287322998047,20,5,5,25186,0.0106011276,0.0006453304190122713,Uses total age-cell frequency,3.509204293633688
udd1,25000,84,hours_3,0.20097534778010195,0.004113815010350057,0.19598363703979174,0.20813084112149532,10,2.6188261985778807,2.595287322998047,20,5,5,1982,0.0005045409,0.0005044135870906817,Uses total age-cell frequency,8.155638776658268
udd1,25000,84,hours_2,0.19790821040413206,0.005516308146775222,0.18792257108456054,0.20511146348288406,10,2.6188261985778807,2.595287322998047,20,5,5,1982,0.0015136226,0.00087322879595392,Uses total age-cell frequency,6.317139531283066
udd1,25000,74,hours_4,0.052202286413697896,0.0023009707863889733,0.04853641569005191,0.05479892761394102,10,2.6188261985778807,2.595287322998047,20,5,5,27541,0.017283323,0.000785304224416068,Uses total age-cell frequency,2.9300374489898053
udd1,25000,76,hours_4,0.03708324454835378,0.0018637057631333846,0.03473744950952106,0.03971492614518076,10,2.6188261985778807,2.595287322998047,20,5,5,25186,0.0106011276,0.0006453304190122713,Uses total age-cell frequency,2.8879868486378375
udd1,25000,75,hours_4,0.044867054313656396,0.0018807972355618305,0.04061361880587132,0.04733859317701967,10,2.6188261985778807,2.595287322998047,20,5,5,27329,0.0127337261,0.0006782394270407979,Uses total age-cell frequency,2.7730579505940396
udd1,50000,84,hours_3,0.20047843330042264,0.0020738160976924895,0.1969922711611882,0.20341280972417017,10,3.8755887269973757,2.595287322998047,20,5,5,1982,0.0005045409,0.0005044135870906817,Uses total age-cell frequency,4.111340675126711
udd1,50000,84,hours_2,0.2005816462595078,0.0022110101642695956,0.19764410094049725,0.20444756554307117,10,3.8755887269973757,2.595287322998047,20,5,5,1982,0.0015136226,0.00087322879595392,Uses total age-cell frequency,2.53199410568484
udd1,50000,73,hours_4,0.06187099376721126,0.0015955673241901814,0.05839435146443515,0.06419333768778576,10,3.8755887269973757,2.595287322998047,20,5,5,27615,0.020822017,0.0008592503039551779,Uses total age-cell frequency,1.856929601125184
udd1,50000,76,hours_4,0.036763897471075835,0.0011622008730890802,0.034165724063922966,0.038090854167266035,10,3.8755887269973757,2.595287322998047,20,5,5,25186,0.0106011276,0.0006453304190122713,Uses total age-cell frequency,1.8009392380230882
udd1,50000,53,hours_3,0.08504390186576664,0.002200350564545772,0.08201970443349754,0.08950928191106634,10,3.8755887269973757,2.595287322998047,20,5,5,41296,0.0668829911,0.001229339688759101,Uses total age-cell frequency,1.7898637656177943
udd1,100000,84,hours_3,0.20111490877106228,0.0022923218196284627,0.19813612369785585,0.20509542295264882,10,7.105684733390808,2.595287322998047,20,5,5,1982,0.0005045409,0.0005044135870906817,Uses total age-cell frequency,4.544528296412358
udd1,100000,84,hours_2,0.19814789841933123,0.0019405030902741396,0.19596354166666666,0.20238706965011444,10,7.105684733390808,2.595287322998047,20,5,5,1982,0.0015136226,0.00087322879595392,Uses total age-cell frequency,2.222216101055535
udd1,100000,75,hours_4,0.044275892738327494,0.0008616208366492204,0.04300058409590298,0.045697726259473916,10,7.105684733390808,2.595287322998047,20,5,5,27329,0.0127337261,0.0006782394270407979,Uses total age-cell frequency,1.270378574729174
udd1,100000,72,hours_4,0.07377535236479929,0.0011430232748247133,0.0722830494728305,0.0758130081300813,10,7.105684733390808,2.595287322998047,20,5,5,27755,0.0247162673,0.0009319364882404979,Uses total age-cell frequency,1.2265034036629991
udd1,100000,72,nowork_nowork,0.7094475287846601,0.002480470851830695,0.7049415650406504,0.7126697118852096,10,7.105684733390808,2.595287322998047,20,5,5,27755,0.856346256,0.00210529306804352,Approximate: uses total age-cell frequency,1.1782069154561143
udd1,250000,84,hours_3,0.20058321918215985,0.0014533452999261353,0.1986953782291242,0.2028875168283738,10,17.152195978164674,2.595287322998047,20,5,5,1982,0.0005045409,0.0005044135870906817,Uses total age-cell frequency,2.8812572403305583
udd1,250000,84,hours_2,0.19904800280078852,0.0008820619485805309,0.19786453739380716,0.20049733173144085,10,17.152195978164674,2.595287322998047,20,5,5,1982,0.0015136226,0.00087322879595392,Uses total age-cell frequency,1.0101155077197854
udd1,250000,78,hours_4,0.02599795727678813,0.0005061019281603409,0.025274407856730213,0.02678554586553153,10,17.152195978164674,2.595287322998047,20,5,5,19392,0.0084570957,0.0006575898130504886,Uses total age-cell frequency,0.7696316428817356
udd1,250000,55,work_work,0.7321264115460238,0.001486208827793466,0.7297993475591352,0.7338787096347055,10,17.152195978164674,2.595287322998047,20,5,5,42583,0.7300996078,0.002151169779622585,Approximate: uses total age-cell frequency,0.6908840212761896
udd1,250000,72,hours_4,0.07427730461685539,0.0006416800661584885,0.07349707768631972,0.07536236300291516,10,17.152195978164674,2.595287322998047,20,5,5,27755,0.0247162673,0.0009319364882404979,Uses total age-cell frequency,0.6885448464089914
udd1,500000,84,hours_3,0.1996832073593791,0.0008898315468483335,0.19825717164120205,0.20092275636255394,10,34.83719096183777,2.595287322998047,20,5,5,1982,0.0005045409,0.0005044135870906817,Uses total age-cell frequency,1.7640911538101822
udd1,500000,84,hours_2,0.20035290001675596,0.001081185796448484,0.198288966335459,0.20202147056634664,10,34.83719096183777,2.595287322998047,20,5,5,1982,0.0015136226,0.00087322879595392,Uses total age-cell frequency,1.2381472089080507
udd1,500000,72,hours_4,0.07421342230312725,0.0006895863686180508,0.07316775988465365,0.07517727253095123,10,34.83719096183777,2.595287322998047,20,5,5,27755,0.0247162673,0.0009319364882404979,Uses total age-cell frequency,0.7399499615258055
udd1,500000,76,nowork_nowork,0.8272944952952583,0.0009697052087936331,0.826028818443804,0.828479290537136,10,34.83719096183777,2.595287322998047,20,5,5,25186,0.9088815183,0.0018133317839947713,Approximate: uses total age-cell frequency,0.5347643588187551
udd1,500000,73,nowork_nowork,0.7422995973703055,0.0010577706296517554,0.7406897054724761,0.7444889099911822,10,34.83719096183777,2.595287322998047,20,5,5,27615,0.8718269016,0.0020115973300965846,Approximate: uses total age-cell frequency,0.5258361670230333
udd2,10000,84,hours_2,0.19706810307562564,0.006999502077445695,0.18893678160919541,0.2100646352723915,10,1.5923665046691895,2.383969783782959,20,5,5,578,0.0017301038,0.0017286065256403927,Uses total age-cell frequency,4.049216506834953
udd2,10000,84,hours_4,0.19944817145355903,0.009522801869000081,0.18882733148661127,0.22289296494079405,10,1.5923665046691895,2.383969783782959,20,5,5,578,0.0034602076,0.0024424994867647057,Uses total age-cell frequency,3.8987938055265783
udd2,10000,49,hours_1,0.0523050906748183,0.0033004457945358502,0.04866130510027487,0.05973630831643002,10,1.5923665046691895,2.383969783782959,20,5,5,15636,0.0375415707,0.0015201427721337761,Uses total age-cell frequency,2.171141984185551
udd2,10000,51,hours_1,0.05297731523361271,0.003358762380048467,0.046849427168576104,0.05667108347772908,10,1.5923665046691895,2.383969783782959,20,5,5,14835,0.0387596899,0.001584755833185678,Uses total age-cell frequency,2.1194194775713044
udd2,10000,52,hours_1,0.054514505358957896,0.003320191950591588,0.04758486309096503,0.058209718670076724,10,1.5923665046691895,2.383969783782959,20,5,5,14402,0.0370781836,0.0015745024298947678,Uses total age-cell frequency,2.1087245643777726
udd2,25000,84,hours_2,0.19790821040413206,0.005516308146775222,0.18792257108456054,0.20511146348288406,10,2.508487606048584,2.383969783782959,20,5,5,578,0.0017301038,0.0017286065256403927,Uses total age-cell frequency,3.1911878527310367
udd2,25000,84,hours_4,0.1989134509514266,0.0034256826879108197,0.19372467728257797,0.20385292210799297,10,2.508487606048584,2.383969783782959,20,5,5,578,0.0034602076,0.0024424994867647057,Uses total age-cell frequency,1.402531589657946
udd2,25000,49,hours_2,0.05475634231723706,0.001992620927258424,0.050484094052558784,0.05760781122864117,10,2.508487606048584,2.383969783782959,20,5,5,15636,0.036838066,0.001506382407244147,Uses total age-cell frequency,1.3227855806573225
udd2,25000,42,hours_2,0.060040882094825956,0.0021707088764613774,0.05621634654022342,0.06337603919836138,10,2.508487606048584,2.383969783782959,20,5,5,15004,0.0477872567,0.0017414841128460352,Uses total age-cell frequency,1.2464706743226488
udd2,25000,50,hours_1,0.05227253289087645,0.0018900246199559751,0.048859934853420196,0.056014654996946876,10,2.508487606048584,2.383969783782959,20,5,5,15191,0.0366664472,0.0015248586128122972,Uses total age-cell frequency,1.2394753218924357
udd2,50000,84,hours_2,0.2005816462595078,0.0022110101642695956,0.19764410094049725,0.20444756554307117,10,3.8049922227859496,2.383969783782959,20,5,5,578,0.0017301038,0.0017286065256403927,Uses total age-cell frequency,1.2790708188785114
udd2,50000,84,hours_4,0.20048967756586666,0.0025904976220557175,0.19630149812734082,0.2033570935847321,10,3.8049922227859496,2.383969783782959,20,5,5,578,0.0034602076,0.0024424994867647057,Uses total age-cell frequency,1.0605929033324168
udd2,50000,51,hours_4,0.7238010294948094,0.0031734283721534247,0.7200522961268181,0.7290196238423565,10,3.8049922227859496,2.383969783782959,20,5,5,14835,0.7584091675,0.0035143761006196346,Uses total age-cell frequency,0.9029848488879446
udd2,50000,39,hours_3,0.08682255418820935,0.0018561423531313738,0.08368075042090917,0.08985565356856455,10,3.8049922227859496,2.383969783782959,20,5,5,14860,0.0719380888,0.0021196224837790835,Uses total age-cell frequency,0.8756947840174115
udd2,50000,47,hours_4,0.7140994086849458,0.002917991016058083,0.7100892965372338,0.7185245073269328,10,3.8049922227859496,2.383969783782959,20,5,5,15578,0.7735909616,0.003353101684383443,Uses total age-cell frequency,0.8702363634387167
udd2,100000,84,hours_2,0.19814789841933123,0.0019405030902741396,0.19596354166666666,0.20238706965011444,10,7.141404366493225,2.383969783782959,20,5,5,578,0.0017301038,0.0017286065256403927,Uses total age-cell frequency,1.1225823005355404
udd2,100000,84,hours_4,0.2007669712384818,0.001844513038967135,0.19816825123782514,0.20368303571428573,10,7.141404366493225,2.383969783782959,20,5,5,578,0.0034602076,0.0024424994867647057,Uses total age-cell frequency,0.755174381391722
udd2,100000,79,hours_3,0.009825808257418581,0.0006772669117206207,0.009022431917887591,0.010790114862513052,10,7.141404366493225,2.383969783782959,20,5,5,4695,0.0042598509,0.000950500632653728,Uses total age-cell frequency,0.7125370446411395
udd2,100000,50,hours_3,0.08078773152369464,0.001332700701378327,0.0790747823256571,0.08306344841633567,10,7.141404366493225,2.383969783782959,20,5,5,15191,0.0576657231,0.001891333798560805,Uses total age-cell frequency,0.7046353755177615
udd2,100000,53,hours_3,0.07732096790092954,0.0013910163200917228,0.07535379903598113,0.07948846796771647,10,7.141404366493225,2.383969783782959,20,5,5,14078,0.0583179429,0.0019750712416799206,Uses total age-cell frequency,0.7042866559631424
udd2,250000,84,hours_2,0.19904800280078852,0.0008820619485805309,0.19786453739380716,0.20049733173144085,10,17.28797266483307,2.383969783782959,20,5,5,578,0.0017301038,0.0017286065256403927,Uses total age-cell frequency,0.5102734112690889
udd2,250000,57,work_work,0.8296227445963945,0.001405878101274365,0.8268081284852029,0.8320791335378451,10,17.28797266483307,2.383969783782959,20,5,5,13004,0.8476987448,0.003150895724772084,Approximate: uses total age-cell frequency,0.4461836328703189
udd2,250000,77,hours_3,0.012324719787787134,0.0003562622069954176,0.011727603036226062,0.012814821036464646,10,17.28797266483307,2.383969783782959,20,5,5,6573,0.0044119884,0.0008174763440960171,Uses total age-cell frequency,0.4358073595259567
udd2,250000,39,prob_work,0.8603674598174365,0.0009365448178706525,0.8593249618231883,0.862237739812239,10,17.28797266483307,2.383969783782959,20,5,5,14860,0.9185733513,0.002243524397348909,Uses total age-cell frequency,0.41744356289476203
udd2,250000,39,hours_0,0.13963254018256338,0.0009365448178706486,0.13776226018776105,0.14067503817681173,10,17.28797266483307,2.383969783782959,20,5,5,14860,0.0814266487,0.0022435243973489088,Uses total age-cell frequency,0.41744356289476037
udd2,500000,84,hours_2,0.20035290001675596,0.001081185796448484,0.198288966335459,0.20202147056634664,10,35.37361869812012,2.383969783782959,20,5,5,578,0.0017301038,0.0017286065256403927,Uses total age-cell frequency,0.6254666868435774
udd2,500000,76,hours_3,0.013853045136452946,0.00031565683380177235,0.013486686441753904,0.014470427362262648,10,35.37361869812012,2.383969783782959,20,5,5,7366,0.0058376324,0.000887628369713893,Uses total age-cell frequency,0.3556182345811201
udd2,500000,84,hours_4,0.20011524811112547,0.0007689484113268084,0.19914572069347378,0.20164429779030105,10,35.37361869812012,2.383969783782959,20,5,5,578,0.0034602076,0.0024424994867647057,Uses total age-cell frequency,0.31482029596875977
udd2,500000,43,work_work,0.8351882236132665,0.0007771224441289661,0.8342781898960657,0.8366230252300171,10,35.37361869812012,2.383969783782959,20,5,5,15152,0.8962600547,0.002477165637186397,Approximate: uses total age-cell frequency,0.3137143647009547
udd2,500000,50,hours_1,0.05194266246963797,0.00046548537138336196,0.05118516951909937,0.05279278253229638,10,35.37361869812012,2.383969783782959,20,5,5,15191,0.0366664472,0.0015248586128122972,Uses total age-cell frequency,0.3052646110742472
udd3,10000,84,hours_4,0.19944817145355903,0.009522801869000081,0.18882733148661127,0.22289296494079405,10,1.6847780704498292,2.49468731880188,20,5,5,449,0.0022271715,0.0022246899671937914,Uses total age-cell frequency,4.280507400773725
udd3,10000,39,hours_2,0.06577335612857173,0.0037327527600658343,0.06134108449433698,0.07182209756586197,10,1.6847780704498292,2.49468731880188,20,5,5,17853,0.0393771355,0.001455602917046854,Uses total age-cell frequency,2.564403187401473
udd3,10000,38,hours_2,0.06808479072441641,0.003985107561049186,0.06380208333333333,0.0758834718190009,10,1.6847780704498292,2.49468731880188,20,5,5,14733,0.0413357768,0.0016400259403236707,Uses total age-cell frequency,2.429905200318171
udd3,10000,43,hours_1,0.04704397319833945,0.0031039495535406716,0.04050658357623882,0.05109928722015862,10,1.6847780704498292,2.49468731880188,20,5,5,15978,0.0276630367,0.0012974693755949454,Uses total age-cell frequency,2.3923104559730954
udd3,10000,40,hours_2,0.06396794180072689,0.0033505298165226903,0.06017450606759603,0.07007518796992482,10,1.6847780704498292,2.49468731880188,20,5,5,17484,0.0366048959,0.0014202062077018148,Uses total age-cell frequency,2.359185446699698
udd3,25000,41,hours_1,0.04855364154996332,0.0020558557305538757,0.04613160958766612,0.05314494440653474,10,2.566559362411499,2.49468731880188,20,5,5,16899,0.0279306468,0.0012675310858176352,Uses total age-cell frequency,1.6219371292402842
udd3,25000,84,hours_4,0.1989134509514266,0.0034256826879108197,0.19372467728257797,0.20385292210799297,10,2.566559362411499,2.49468731880188,20,5,5,449,0.0022271715,0.0022246899671937914,Uses total age-cell frequency,1.5398472319412453
udd3,25000,40,hours_3,0.07420371019611023,0.0027637508057108116,0.06975345760673482,0.0783543187104018,10,2.566559362411499,2.49468731880188,20,5,5,17484,0.0603408831,0.001800821213294299,Uses total age-cell frequency,1.5347169309800583
udd3,25000,41,hours_2,0.06265732446606845,0.0022949022392725208,0.05769462400128478,0.06548693872637534,10,2.566559362411499,2.49468731880188,20,5,5,16899,0.0394697911,0.0014978124113776878,Uses total age-cell frequency,1.5321693303113102
udd3,25000,39,hours_3,0.07561839405631887,0.00268435505363764,0.07092198581560284,0.07983327989740302,10,2.566559362411499,2.49468731880188,20,5,5,17853,0.0632386714,0.0018215883623203795,Uses total age-cell frequency,1.4736342793814565
udd3,50000,84,hours_4,0.20048967756586666,0.0025904976220557175,0.19630149812734082,0.2033570935847321,10,3.8973573207855225,2.49468731880188,20,5,5,449,0.0022271715,0.0022246899671937914,Uses total age-cell frequency,1.1644308466601094
udd3,50000,40,hours_1,0.05034585148934269,0.001495215252503143,0.04810141816941809,0.052461646445402584,10,3.8973573207855225,2.49468731880188,20,5,5,17484,0.0309997712,0.0013107527728283533,Uses total age-cell frequency,1.1407301845921372
udd3,50000,39,hours_3,0.0750158268142609,0.001844274692715147,0.07161468772548706,0.07790697674418605,10,3.8973573207855225,2.49468731880188,20,5,5,17853,0.0632386714,0.0018215883623203795,Uses total age-cell frequency,1.0124541476351272
udd3,50000,43,hours_1,0.04661171467762083,0.0012996272525335622,0.044352002572295574,0.048690267977403855,10,3.8973573207855225,2.49468731880188,20,5,5,15978,0.0276630367,0.0012974693755949454,Uses total age-cell frequency,1.0016631428681138
udd3,50000,82,hours_3,0.007732444796865141,0.0006735092950647384,0.0069343209487411845,0.009184481393507521,10,3.8973573207855225,2.49468731880188,20,5,5,1484,0.0006738544,0.0006736273455746362,Uses total age-cell frequency,0.9998247539820446
udd3,100000,84,hours_4,0.2007669712384818,0.001844513038967135,0.19816825123782514,0.20368303571428573,10,7.17368974685669,2.49468731880188,20,5,5,449,0.0022271715,0.0022246899671937914,Uses total age-cell frequency,0.8291101529503416
udd3,100000,81,hours_3,0.005994411158112739,0.0004445841110264585,0.005130192474487442,0.006633162115221167,10,7.17368974685669,2.49468731880188,20,5,5,2244,0.0008912656,0.0006299390393044908,Uses total age-cell frequency,0.7057573563266046
udd3,100000,46,hours_3,0.06953508979423542,0.001132224531443197,0.06800552759257204,0.07141559332983405,10,7.17368974685669,2.49468731880188,20,5,5,14897,0.049003155,0.0017686917512229753,Uses total age-cell frequency,0.6401480250361952
udd3,100000,44,hours_3,0.07126850267461053,0.0011161325858415026,0.06942404795912209,0.07285814960233565,10,7.17368974685669,2.49468731880188,20,5,5,15429,0.0502300862,0.0017584186297746162,Uses total age-cell frequency,0.6347365564391012
udd3,100000,44,hours_2,0.05891197499703388,0.0008972569663583094,0.05760616827886096,0.06020871280353423,10,7.17368974685669,2.49468731880188,20,5,5,15429,0.0361008491,0.001501777584237832,Uses total age-cell frequency,0.597463283362081
udd3,250000,46,hours_2,0.05684780634337239,0.0005923809504405448,0.05599193141704488,0.05778421842959327,10,17.57396912574768,2.49468731880188,20,5,5,14897,0.0323555078,0.0014497149438678612,Uses total age-cell frequency,0.4086189170817703
udd3,250000,82,hours_3,0.007675382060913753,0.00026772748005978836,0.0073295042130842305,0.00821724591514921,10,17.57396912574768,2.49468731880188,20,5,5,1484,0.0006738544,0.0006736273455746362,Uses total age-cell frequency,0.3974415258207846
udd3,250000,43,hours_1,0.04654646732394108,0.0004911303899140782,0.04567587019368016,0.047211387671398125,10,17.57396912574768,2.49468731880188,20,5,5,15978,0.0276630367,0.0012974693755949454,Uses total age-cell frequency,0.3785294660144667
udd3,250000,49,hours_1,0.042076520974319506,0.0004927589308337783,0.04134021998888289,0.04283709004754718,10,17.57396912574768,2.49468731880188,20,5,5,14114,0.0250106277,0.0013144291446628978,Uses total age-cell frequency,0.3748843616520331
udd3,250000,39,hours_4,0.7256458151826888,0.0011716485853034,0.724069657922687,0.7279577995478523,10,17.57396912574768,2.49468731880188,20,5,5,17853,0.7704587464,0.0031473820738815096,Uses total age-cell frequency,0.37226131362515646
udd3,500000,42,hours_1,0.04756261868783418,0.0004339555299366186,0.047009791614361036,0.048469572203253666,10,35.38734409809113,2.49468731880188,20,5,5,16541,0.0266005683,0.0012511521337136469,Uses total age-cell frequency,0.3468447347394595
udd3,500000,84,hours_4,0.20011524811112547,0.0007689484113268084,0.19914572069347378,0.20164429779030105,10,35.38734409809113,2.49468731880188,20,5,5,449,0.0022271715,0.0022246899671937914,Uses total age-cell frequency,0.34564295369963605
udd3,500000,41,hours_1,0.04875506533261665,0.0003957695093750839,0.0479716942318769,0.04926813214158141,10,35.38734409809113,2.49468731880188,20,5,5,16899,0.0279306468,0.0012675310858176352,Uses total age-cell frequency,0.31223653116151256
udd3,500000,52,hours_1,0.04214383943581247,0.0004902541998923736,0.04119323991590796,0.042816809198412374,10,35.38734409809113,2.49468731880188,20,5,5,11941,0.0309019345,0.0015836395815041586,Uses total age-cell frequency,0.30957435367125935
udd3,500000,38,hours_1,0.052853312845601665,0.000445257686423292,0.05207817936704119,0.05341754504044326,10,35.38734409809113,2.49468731880188,20,5,5,14733,0.0331907962,0.0014758208068968875,Uses total age-cell frequency,0.3017017271625994
